estado;Descrip Estado;Regiones;Este/Oeste
AL;Alabama;3;Este
AL;Alabama;3;Este
AL;Alabama;3;Este
AL;Alabama;3;Este
AL;Alabama;3;Este
AL;Alabama;3;Este
AL;Alabama;3;Este
AL;Alabama;3;Este
AL;Alabama;3;Este
AL;Alabama;3;Este
AL;Alabama;3;Este
AL;Alabama;3;Este
AL;Alabama;3;Este
AL;Alabama;3;Este
AL;Alabama;3;Este
AL;Alabama;3;Este
AL;Alabama;3;Este
AL;Alabama;3;Este
AL;Alabama;3;Este
AL;Alabama;3;Este
AL;Alabama;3;Este
AL;Alabama;3;Este
AL;Alabama;3;Este
AL;Alabama;3;Este
AL;Alabama;3;Este
AL;Alabama;3;Este
AL;Alabama;3;Este
AL;Alabama;3;Este
AL;Alabama;3;Este
AL;Alabama;3;Este
AL;Alabama;3;Este
AL;Alabama;3;Este
AL;Alabama;3;Este
AL;Alabama;3;Este
AL;Alabama;3;Este
AL;Alabama;3;Este
AL;Alabama;3;Este
AL;Alabama;3;Este
AL;Alabama;3;Este
AL;Alabama;3;Este
AL;Alabama;3;Este
AL;Alabama;3;Este
AL;Alabama;3;Este
AL;Alabama;3;Este
AL;Alabama;3;Este
AL;Alabama;3;Este
AL;Alabama;3;Este
AL;Alabama;3;Este
AL;Alabama;3;Este
AL;Alabama;3;Este
AL;Alabama;3;Este
AL;Alabama;3;Este
AL;Alabama;3;Este
AL;Alabama;3;Este
AL;Alabama;3;Este
AL;Alabama;3;Este
AL;Alabama;3;Este
AL;Alabama;3;Este
AL;Alabama;3;Este
AL;Alabama;3;Este
AL;Alabama;3;Este
AZ;Arizona;4;Oeste
AZ;Arizona;4;Oeste
AZ;Arizona;4;Oeste
AZ;Arizona;4;Oeste
AZ;Arizona;4;Oeste
AZ;Arizona;4;Oeste
AZ;Arizona;4;Oeste
AZ;Arizona;4;Oeste
AZ;Arizona;4;Oeste
AZ;Arizona;4;Oeste
AZ;Arizona;4;Oeste
AZ;Arizona;4;Oeste
AR;Arkansas;3;Oeste
AR;Arkansas;3;Oeste
AR;Arkansas;3;Oeste
AR;Arkansas;3;Oeste
AR;Arkansas;3;Oeste
AR;Arkansas;3;Oeste
AR;Arkansas;3;Oeste
AR;Arkansas;3;Oeste
AR;Arkansas;3;Oeste
AR;Arkansas;3;Oeste
AR;Arkansas;3;Oeste
AR;Arkansas;3;Oeste
AR;Arkansas;3;Oeste
AR;Arkansas;3;Oeste
AR;Arkansas;3;Oeste
AR;Arkansas;3;Oeste
AR;Arkansas;3;Oeste
AR;Arkansas;3;Oeste
AR;Arkansas;3;Oeste
AR;Arkansas;3;Oeste
AR;Arkansas;3;Oeste
AR;Arkansas;3;Oeste
AR;Arkansas;3;Oeste
AR;Arkansas;3;Oeste
AR;Arkansas;3;Oeste
AR;Arkansas;3;Oeste
AR;Arkansas;3;Oeste
AR;Arkansas;3;Oeste
AR;Arkansas;3;Oeste
AR;Arkansas;3;Oeste
AR;Arkansas;3;Oeste
AR;Arkansas;3;Oeste
AR;Arkansas;3;Oeste
AR;Arkansas;3;Oeste
AR;Arkansas;3;Oeste
AR;Arkansas;3;Oeste
AR;Arkansas;3;Oeste
AR;Arkansas;3;Oeste
AR;Arkansas;3;Oeste
AR;Arkansas;3;Oeste
AR;Arkansas;3;Oeste
AR;Arkansas;3;Oeste
AR;Arkansas;3;Oeste
AR;Arkansas;3;Oeste
AR;Arkansas;3;Oeste
AR;Arkansas;3;Oeste
AR;Arkansas;3;Oeste
AR;Arkansas;3;Oeste
AR;Arkansas;3;Oeste
AR;Arkansas;3;Oeste
AR;Arkansas;3;Oeste
AR;Arkansas;3;Oeste
AR;Arkansas;3;Oeste
AR;Arkansas;3;Oeste
AR;Arkansas;3;Oeste
AR;Arkansas;3;Oeste
AR;Arkansas;3;Oeste
AR;Arkansas;3;Oeste
AR;Arkansas;3;Oeste
AR;Arkansas;3;Oeste
AR;Arkansas;3;Oeste
AR;Arkansas;3;Oeste
AR;Arkansas;3;Oeste
AR;Arkansas;3;Oeste
AR;Arkansas;3;Oeste
AR;Arkansas;3;Oeste
AR;Arkansas;3;Oeste
AR;Arkansas;3;Oeste
AR;Arkansas;3;Oeste
AR;Arkansas;3;Oeste
AR;Arkansas;3;Oeste
AR;Arkansas;3;Oeste
AR;Arkansas;3;Oeste
CA;California;4;Oeste
CA;California;4;Oeste
CA;California;4;Oeste
CA;California;4;Oeste
CA;California;4;Oeste
CA;California;4;Oeste
CA;California;4;Oeste
CA;California;4;Oeste
CA;California;4;Oeste
CA;California;4;Oeste
CA;California;4;Oeste
CA;California;4;Oeste
CA;California;4;Oeste
CA;California;4;Oeste
CA;California;4;Oeste
CA;California;4;Oeste
CA;California;4;Oeste
CA;California;4;Oeste
CA;California;4;Oeste
CA;California;4;Oeste
CA;California;4;Oeste
CA;California;4;Oeste
CA;California;4;Oeste
CA;California;4;Oeste
CA;California;4;Oeste
CA;California;4;Oeste
CA;California;4;Oeste
CA;California;4;Oeste
CA;California;4;Oeste
CA;California;4;Oeste
CA;California;4;Oeste
CA;California;4;Oeste
CA;California;4;Oeste
CA;California;4;Oeste
CA;California;4;Oeste
CA;California;4;Oeste
CA;California;4;Oeste
CA;California;4;Oeste
CA;California;4;Oeste
CA;California;4;Oeste
CA;California;4;Oeste
CA;California;4;Oeste
CA;California;4;Oeste
CA;California;4;Oeste
CA;California;4;Oeste
CA;California;4;Oeste
CA;California;4;Oeste
CA;California;4;Oeste
CA;California;4;Oeste
CA;California;4;Oeste
CA;California;4;Oeste
CA;California;4;Oeste
CO;Colorado;4;Oeste
CO;Colorado;4;Oeste
CO;Colorado;4;Oeste
CO;Colorado;4;Oeste
CO;Colorado;4;Oeste
CO;Colorado;4;Oeste
CO;Colorado;4;Oeste
CO;Colorado;4;Oeste
CO;Colorado;4;Oeste
CO;Colorado;4;Oeste
CO;Colorado;4;Oeste
CO;Colorado;4;Oeste
CO;Colorado;4;Oeste
CO;Colorado;4;Oeste
CO;Colorado;4;Oeste
CO;Colorado;4;Oeste
CO;Colorado;4;Oeste
CO;Colorado;4;Oeste
CO;Colorado;4;Oeste
CO;Colorado;4;Oeste
CO;Colorado;4;Oeste
CO;Colorado;4;Oeste
CO;Colorado;4;Oeste
CO;Colorado;4;Oeste
CO;Colorado;4;Oeste
CO;Colorado;4;Oeste
CO;Colorado;4;Oeste
CO;Colorado;4;Oeste
CO;Colorado;4;Oeste
CO;Colorado;4;Oeste
CO;Colorado;4;Oeste
CO;Colorado;4;Oeste
CO;Colorado;4;Oeste
CO;Colorado;4;Oeste
CO;Colorado;4;Oeste
CO;Colorado;4;Oeste
CO;Colorado;4;Oeste
CO;Colorado;4;Oeste
CO;Colorado;4;Oeste
CO;Colorado;4;Oeste
CO;Colorado;4;Oeste
CO;Colorado;4;Oeste
CT;Connecticut;1;Este
CT;Connecticut;1;Este
CT;Connecticut;1;Este
CT;Connecticut;1;Este
CT;Connecticut;1;Este
CT;Connecticut;1;Este
CT;Connecticut;1;Este
CT;Connecticut;1;Este
DE;Delaware;3;Este
DE;Delaware;3;Este
DE;Delaware;3;Este
DC;Columbia;3;Este
FL;Florida;3;Este
FL;Florida;3;Este
FL;Florida;3;Este
FL;Florida;3;Este
FL;Florida;3;Este
FL;Florida;3;Este
FL;Florida;3;Este
FL;Florida;3;Este
FL;Florida;3;Este
FL;Florida;3;Este
FL;Florida;3;Este
FL;Florida;3;Este
FL;Florida;3;Este
FL;Florida;3;Este
FL;Florida;3;Este
FL;Florida;3;Este
FL;Florida;3;Este
FL;Florida;3;Este
FL;Florida;3;Este
FL;Florida;3;Este
FL;Florida;3;Este
FL;Florida;3;Este
FL;Florida;3;Este
FL;Florida;3;Este
FL;Florida;3;Este
FL;Florida;3;Este
FL;Florida;3;Este
FL;Florida;3;Este
FL;Florida;3;Este
FL;Florida;3;Este
FL;Florida;3;Este
FL;Florida;3;Este
FL;Florida;3;Este
FL;Florida;3;Este
FL;Florida;3;Este
FL;Florida;3;Este
FL;Florida;3;Este
FL;Florida;3;Este
FL;Florida;3;Este
FL;Florida;3;Este
FL;Florida;3;Este
FL;Florida;3;Este
FL;Florida;3;Este
FL;Florida;3;Este
FL;Florida;3;Este
FL;Florida;3;Este
FL;Florida;3;Este
FL;Florida;3;Este
FL;Florida;3;Este
FL;Florida;3;Este
FL;Florida;3;Este
FL;Florida;3;Este
FL;Florida;3;Este
FL;Florida;3;Este
FL;Florida;3;Este
FL;Florida;3;Este
FL;Florida;3;Este
FL;Florida;3;Este
FL;Florida;3;Este
FL;Florida;3;Este
FL;Florida;3;Este
FL;Florida;3;Este
GA;Georgia;3;Este
GA;Georgia;3;Este
GA;Georgia;3;Este
GA;Georgia;3;Este
GA;Georgia;3;Este
GA;Georgia;3;Este
GA;Georgia;3;Este
GA;Georgia;3;Este
GA;Georgia;3;Este
GA;Georgia;3;Este
GA;Georgia;3;Este
GA;Georgia;3;Este
GA;Georgia;3;Este
GA;Georgia;3;Este
GA;Georgia;3;Este
GA;Georgia;3;Este
GA;Georgia;3;Este
GA;Georgia;3;Este
GA;Georgia;3;Este
GA;Georgia;3;Este
GA;Georgia;3;Este
GA;Georgia;3;Este
GA;Georgia;3;Este
GA;Georgia;3;Este
GA;Georgia;3;Este
GA;Georgia;3;Este
GA;Georgia;3;Este
GA;Georgia;3;Este
GA;Georgia;3;Este
GA;Georgia;3;Este
GA;Georgia;3;Este
GA;Georgia;3;Este
GA;Georgia;3;Este
GA;Georgia;3;Este
GA;Georgia;3;Este
GA;Georgia;3;Este
GA;Georgia;3;Este
GA;Georgia;3;Este
GA;Georgia;3;Este
GA;Georgia;3;Este
GA;Georgia;3;Este
GA;Georgia;3;Este
GA;Georgia;3;Este
GA;Georgia;3;Este
GA;Georgia;3;Este
GA;Georgia;3;Este
GA;Georgia;3;Este
GA;Georgia;3;Este
GA;Georgia;3;Este
GA;Georgia;3;Este
GA;Georgia;3;Este
GA;Georgia;3;Este
GA;Georgia;3;Este
GA;Georgia;3;Este
GA;Georgia;3;Este
GA;Georgia;3;Este
GA;Georgia;3;Este
GA;Georgia;3;Este
GA;Georgia;3;Este
GA;Georgia;3;Este
GA;Georgia;3;Este
GA;Georgia;3;Este
GA;Georgia;3;Este
GA;Georgia;3;Este
GA;Georgia;3;Este
GA;Georgia;3;Este
GA;Georgia;3;Este
GA;Georgia;3;Este
GA;Georgia;3;Este
GA;Georgia;3;Este
GA;Georgia;3;Este
GA;Georgia;3;Este
GA;Georgia;3;Este
GA;Georgia;3;Este
GA;Georgia;3;Este
GA;Georgia;3;Este
GA;Georgia;3;Este
GA;Georgia;3;Este
GA;Georgia;3;Este
GA;Georgia;3;Este
GA;Georgia;3;Este
GA;Georgia;3;Este
GA;Georgia;3;Este
GA;Georgia;3;Este
GA;Georgia;3;Este
GA;Georgia;3;Este
GA;Georgia;3;Este
GA;Georgia;3;Este
GA;Georgia;3;Este
GA;Georgia;3;Este
GA;Georgia;3;Este
GA;Georgia;3;Este
GA;Georgia;3;Este
GA;Georgia;3;Este
GA;Georgia;3;Este
GA;Georgia;3;Este
GA;Georgia;3;Este
GA;Georgia;3;Este
GA;Georgia;3;Este
GA;Georgia;3;Este
GA;Georgia;3;Este
GA;Georgia;3;Este
GA;Georgia;3;Este
GA;Georgia;3;Este
GA;Georgia;3;Este
GA;Georgia;3;Este
GA;Georgia;3;Este
GA;Georgia;3;Este
GA;Georgia;3;Este
GA;Georgia;3;Este
GA;Georgia;3;Este
GA;Georgia;3;Este
GA;Georgia;3;Este
GA;Georgia;3;Este
GA;Georgia;3;Este
GA;Georgia;3;Este
GA;Georgia;3;Este
GA;Georgia;3;Este
GA;Georgia;3;Este
GA;Georgia;3;Este
GA;Georgia;3;Este
GA;Georgia;3;Este
GA;Georgia;3;Este
GA;Georgia;3;Este
GA;Georgia;3;Este
GA;Georgia;3;Este
GA;Georgia;3;Este
GA;Georgia;3;Este
GA;Georgia;3;Este
GA;Georgia;3;Este
GA;Georgia;3;Este
GA;Georgia;3;Este
GA;Georgia;3;Este
GA;Georgia;3;Este
GA;Georgia;3;Este
GA;Georgia;3;Este
ID;Idaho;4;Oeste
ID;Idaho;4;Oeste
ID;Idaho;4;Oeste
ID;Idaho;4;Oeste
ID;Idaho;4;Oeste
ID;Idaho;4;Oeste
ID;Idaho;4;Oeste
ID;Idaho;4;Oeste
ID;Idaho;4;Oeste
ID;Idaho;4;Oeste
ID;Idaho;4;Oeste
ID;Idaho;4;Oeste
ID;Idaho;4;Oeste
ID;Idaho;4;Oeste
ID;Idaho;4;Oeste
ID;Idaho;4;Oeste
ID;Idaho;4;Oeste
ID;Idaho;4;Oeste
ID;Idaho;4;Oeste
ID;Idaho;4;Oeste
ID;Idaho;4;Oeste
ID;Idaho;4;Oeste
ID;Idaho;4;Oeste
ID;Idaho;4;Oeste
ID;Idaho;4;Oeste
ID;Idaho;4;Oeste
ID;Idaho;4;Oeste
ID;Idaho;4;Oeste
ID;Idaho;4;Oeste
ID;Idaho;4;Oeste
ID;Idaho;4;Oeste
ID;Idaho;4;Oeste
ID;Idaho;4;Oeste
ID;Idaho;4;Oeste
ID;Idaho;4;Oeste
IL;Illinois;2;Este
IL;Illinois;2;Este
IL;Illinois;2;Este
IL;Illinois;2;Este
IL;Illinois;2;Este
IL;Illinois;2;Este
IL;Illinois;2;Este
IL;Illinois;2;Este
IL;Illinois;2;Este
IL;Illinois;2;Este
IL;Illinois;2;Este
IL;Illinois;2;Este
IL;Illinois;2;Este
IL;Illinois;2;Este
IL;Illinois;2;Este
IL;Illinois;2;Este
IL;Illinois;2;Este
IL;Illinois;2;Este
IL;Illinois;2;Este
IL;Illinois;2;Este
IL;Illinois;2;Este
IL;Illinois;2;Este
IL;Illinois;2;Este
IL;Illinois;2;Este
IL;Illinois;2;Este
IL;Illinois;2;Este
IL;Illinois;2;Este
IL;Illinois;2;Este
IL;Illinois;2;Este
IL;Illinois;2;Este
IL;Illinois;2;Este
IL;Illinois;2;Este
IL;Illinois;2;Este
IL;Illinois;2;Este
IL;Illinois;2;Este
IL;Illinois;2;Este
IL;Illinois;2;Este
IL;Illinois;2;Este
IL;Illinois;2;Este
IL;Illinois;2;Este
IL;Illinois;2;Este
IL;Illinois;2;Este
IL;Illinois;2;Este
IL;Illinois;2;Este
IL;Illinois;2;Este
IL;Illinois;2;Este
IL;Illinois;2;Este
IL;Illinois;2;Este
IL;Illinois;2;Este
IL;Illinois;2;Este
IL;Illinois;2;Este
IL;Illinois;2;Este
IL;Illinois;2;Este
IL;Illinois;2;Este
IL;Illinois;2;Este
IL;Illinois;2;Este
IL;Illinois;2;Este
IL;Illinois;2;Este
IL;Illinois;2;Este
IL;Illinois;2;Este
IL;Illinois;2;Este
IL;Illinois;2;Este
IL;Illinois;2;Este
IL;Illinois;2;Este
IL;Illinois;2;Este
IL;Illinois;2;Este
IL;Illinois;2;Este
IL;Illinois;2;Este
IL;Illinois;2;Este
IL;Illinois;2;Este
IL;Illinois;2;Este
IL;Illinois;2;Este
IL;Illinois;2;Este
IL;Illinois;2;Este
IL;Illinois;2;Este
IL;Illinois;2;Este
IL;Illinois;2;Este
IL;Illinois;2;Este
IL;Illinois;2;Este
IL;Illinois;2;Este
IL;Illinois;2;Este
IL;Illinois;2;Este
IL;Illinois;2;Este
IL;Illinois;2;Este
IL;Illinois;2;Este
IL;Illinois;2;Este
IL;Illinois;2;Este
IL;Illinois;2;Este
IL;Illinois;2;Este
IL;Illinois;2;Este
IL;Illinois;2;Este
IL;Illinois;2;Este
IL;Illinois;2;Este
IL;Illinois;2;Este
IL;Illinois;2;Este
IL;Illinois;2;Este
IL;Illinois;2;Este
IL;Illinois;2;Este
IL;Illinois;2;Este
IN;Indiana;2;Este
IN;Indiana;2;Este
IN;Indiana;2;Este
IN;Indiana;2;Este
IN;Indiana;2;Este
IN;Indiana;2;Este
IN;Indiana;2;Este
IN;Indiana;2;Este
IN;Indiana;2;Este
IN;Indiana;2;Este
IN;Indiana;2;Este
IN;Indiana;2;Este
IN;Indiana;2;Este
IN;Indiana;2;Este
IN;Indiana;2;Este
IN;Indiana;2;Este
IN;Indiana;2;Este
IN;Indiana;2;Este
IN;Indiana;2;Este
IN;Indiana;2;Este
IN;Indiana;2;Este
IN;Indiana;2;Este
IN;Indiana;2;Este
IN;Indiana;2;Este
IN;Indiana;2;Este
IN;Indiana;2;Este
IN;Indiana;2;Este
IN;Indiana;2;Este
IN;Indiana;2;Este
IN;Indiana;2;Este
IN;Indiana;2;Este
IN;Indiana;2;Este
IN;Indiana;2;Este
IN;Indiana;2;Este
IN;Indiana;2;Este
IN;Indiana;2;Este
IN;Indiana;2;Este
IN;Indiana;2;Este
IN;Indiana;2;Este
IN;Indiana;2;Este
IN;Indiana;2;Este
IN;Indiana;2;Este
IN;Indiana;2;Este
IN;Indiana;2;Este
IN;Indiana;2;Este
IN;Indiana;2;Este
IN;Indiana;2;Este
IN;Indiana;2;Este
IN;Indiana;2;Este
IN;Indiana;2;Este
IN;Indiana;2;Este
IN;Indiana;2;Este
IN;Indiana;2;Este
IN;Indiana;2;Este
IN;Indiana;2;Este
IN;Indiana;2;Este
IN;Indiana;2;Este
IN;Indiana;2;Este
IN;Indiana;2;Este
IN;Indiana;2;Este
IN;Indiana;2;Este
IN;Indiana;2;Este
IN;Indiana;2;Este
IN;Indiana;2;Este
IN;Indiana;2;Este
IN;Indiana;2;Este
IN;Indiana;2;Este
IN;Indiana;2;Este
IN;Indiana;2;Este
IN;Indiana;2;Este
IN;Indiana;2;Este
IN;Indiana;2;Este
IN;Indiana;2;Este
IN;Indiana;2;Este
IN;Indiana;2;Este
IN;Indiana;2;Este
IN;Indiana;2;Este
IN;Indiana;2;Este
IN;Indiana;2;Este
IN;Indiana;2;Este
IN;Indiana;2;Este
IN;Indiana;2;Este
IN;Indiana;2;Este
IN;Indiana;2;Este
IN;Indiana;2;Este
IN;Indiana;2;Este
IN;Indiana;2;Este
IN;Indiana;2;Este
IN;Indiana;2;Este
IN;Indiana;2;Este
IN;Indiana;2;Este
IA;Iowa;2;Oeste
IA;Iowa;2;Oeste
IA;Iowa;2;Oeste
IA;Iowa;2;Oeste
IA;Iowa;2;Oeste
IA;Iowa;2;Oeste
IA;Iowa;2;Oeste
IA;Iowa;2;Oeste
IA;Iowa;2;Oeste
IA;Iowa;2;Oeste
IA;Iowa;2;Oeste
IA;Iowa;2;Oeste
IA;Iowa;2;Oeste
IA;Iowa;2;Oeste
IA;Iowa;2;Oeste
IA;Iowa;2;Oeste
IA;Iowa;2;Oeste
IA;Iowa;2;Oeste
IA;Iowa;2;Oeste
IA;Iowa;2;Oeste
IA;Iowa;2;Oeste
IA;Iowa;2;Oeste
IA;Iowa;2;Oeste
IA;Iowa;2;Oeste
IA;Iowa;2;Oeste
IA;Iowa;2;Oeste
IA;Iowa;2;Oeste
IA;Iowa;2;Oeste
IA;Iowa;2;Oeste
IA;Iowa;2;Oeste
IA;Iowa;2;Oeste
IA;Iowa;2;Oeste
IA;Iowa;2;Oeste
IA;Iowa;2;Oeste
IA;Iowa;2;Oeste
IA;Iowa;2;Oeste
IA;Iowa;2;Oeste
IA;Iowa;2;Oeste
IA;Iowa;2;Oeste
IA;Iowa;2;Oeste
IA;Iowa;2;Oeste
IA;Iowa;2;Oeste
IA;Iowa;2;Oeste
IA;Iowa;2;Oeste
IA;Iowa;2;Oeste
IA;Iowa;2;Oeste
IA;Iowa;2;Oeste
IA;Iowa;2;Oeste
IA;Iowa;2;Oeste
IA;Iowa;2;Oeste
IA;Iowa;2;Oeste
IA;Iowa;2;Oeste
IA;Iowa;2;Oeste
IA;Iowa;2;Oeste
IA;Iowa;2;Oeste
IA;Iowa;2;Oeste
IA;Iowa;2;Oeste
IA;Iowa;2;Oeste
IA;Iowa;2;Oeste
IA;Iowa;2;Oeste
IA;Iowa;2;Oeste
IA;Iowa;2;Oeste
IA;Iowa;2;Oeste
IA;Iowa;2;Oeste
IA;Iowa;2;Oeste
IA;Iowa;2;Oeste
IA;Iowa;2;Oeste
IA;Iowa;2;Oeste
IA;Iowa;2;Oeste
IA;Iowa;2;Oeste
IA;Iowa;2;Oeste
IA;Iowa;2;Oeste
IA;Iowa;2;Oeste
IA;Iowa;2;Oeste
IA;Iowa;2;Oeste
IA;Iowa;2;Oeste
IA;Iowa;2;Oeste
IA;Iowa;2;Oeste
IA;Iowa;2;Oeste
IA;Iowa;2;Oeste
IA;Iowa;2;Oeste
IA;Iowa;2;Oeste
IA;Iowa;2;Oeste
IA;Iowa;2;Oeste
IA;Iowa;2;Oeste
IA;Iowa;2;Oeste
IA;Iowa;2;Oeste
IA;Iowa;2;Oeste
IA;Iowa;2;Oeste
IA;Iowa;2;Oeste
IA;Iowa;2;Oeste
IA;Iowa;2;Oeste
IA;Iowa;2;Oeste
IA;Iowa;2;Oeste
KS;Kansas;2;Oeste
KS;Kansas;2;Oeste
KS;Kansas;2;Oeste
KS;Kansas;2;Oeste
KS;Kansas;2;Oeste
KS;Kansas;2;Oeste
KS;Kansas;2;Oeste
KS;Kansas;2;Oeste
KS;Kansas;2;Oeste
KS;Kansas;2;Oeste
KS;Kansas;2;Oeste
KS;Kansas;2;Oeste
KS;Kansas;2;Oeste
KS;Kansas;2;Oeste
KS;Kansas;2;Oeste
KS;Kansas;2;Oeste
KS;Kansas;2;Oeste
KS;Kansas;2;Oeste
KS;Kansas;2;Oeste
KS;Kansas;2;Oeste
KS;Kansas;2;Oeste
KS;Kansas;2;Oeste
KS;Kansas;2;Oeste
KS;Kansas;2;Oeste
KS;Kansas;2;Oeste
KS;Kansas;2;Oeste
KS;Kansas;2;Oeste
KS;Kansas;2;Oeste
KS;Kansas;2;Oeste
KS;Kansas;2;Oeste
KS;Kansas;2;Oeste
KS;Kansas;2;Oeste
KS;Kansas;2;Oeste
KS;Kansas;2;Oeste
KS;Kansas;2;Oeste
KS;Kansas;2;Oeste
KS;Kansas;2;Oeste
KS;Kansas;2;Oeste
KS;Kansas;2;Oeste
KS;Kansas;2;Oeste
KS;Kansas;2;Oeste
KS;Kansas;2;Oeste
KS;Kansas;2;Oeste
KS;Kansas;2;Oeste
KS;Kansas;2;Oeste
KS;Kansas;2;Oeste
KS;Kansas;2;Oeste
KS;Kansas;2;Oeste
KS;Kansas;2;Oeste
KS;Kansas;2;Oeste
KS;Kansas;2;Oeste
KS;Kansas;2;Oeste
KS;Kansas;2;Oeste
KS;Kansas;2;Oeste
KS;Kansas;2;Oeste
KS;Kansas;2;Oeste
KS;Kansas;2;Oeste
KS;Kansas;2;Oeste
KS;Kansas;2;Oeste
KS;Kansas;2;Oeste
KS;Kansas;2;Oeste
KS;Kansas;2;Oeste
KS;Kansas;2;Oeste
KS;Kansas;2;Oeste
KS;Kansas;2;Oeste
KS;Kansas;2;Oeste
KS;Kansas;2;Oeste
KS;Kansas;2;Oeste
KS;Kansas;2;Oeste
KS;Kansas;2;Oeste
KS;Kansas;2;Oeste
KS;Kansas;2;Oeste
KS;Kansas;2;Oeste
KS;Kansas;2;Oeste
KS;Kansas;2;Oeste
KS;Kansas;2;Oeste
KS;Kansas;2;Oeste
KS;Kansas;2;Oeste
KS;Kansas;2;Oeste
KS;Kansas;2;Oeste
KS;Kansas;2;Oeste
KS;Kansas;2;Oeste
KS;Kansas;2;Oeste
KS;Kansas;2;Oeste
KS;Kansas;2;Oeste
KS;Kansas;2;Oeste
KS;Kansas;2;Oeste
KS;Kansas;2;Oeste
KS;Kansas;2;Oeste
KS;Kansas;2;Oeste
KS;Kansas;2;Oeste
KS;Kansas;2;Oeste
KS;Kansas;2;Oeste
KS;Kansas;2;Oeste
KS;Kansas;2;Oeste
KS;Kansas;2;Oeste
KS;Kansas;2;Oeste
KS;Kansas;2;Oeste
KS;Kansas;2;Oeste
KY;Kentuchy;3;Este
KY;Kentuchy;3;Este
KY;Kentuchy;3;Este
KY;Kentuchy;3;Este
KY;Kentuchy;3;Este
KY;Kentuchy;3;Este
KY;Kentuchy;3;Este
KY;Kentuchy;3;Este
KY;Kentuchy;3;Este
KY;Kentuchy;3;Este
KY;Kentuchy;3;Este
KY;Kentuchy;3;Este
KY;Kentuchy;3;Este
KY;Kentuchy;3;Este
KY;Kentuchy;3;Este
KY;Kentuchy;3;Este
KY;Kentuchy;3;Este
KY;Kentuchy;3;Este
KY;Kentuchy;3;Este
KY;Kentuchy;3;Este
KY;Kentuchy;3;Este
KY;Kentuchy;3;Este
KY;Kentuchy;3;Este
KY;Kentuchy;3;Este
KY;Kentuchy;3;Este
KY;Kentuchy;3;Este
KY;Kentuchy;3;Este
KY;Kentuchy;3;Este
KY;Kentuchy;3;Este
KY;Kentuchy;3;Este
KY;Kentuchy;3;Este
KY;Kentuchy;3;Este
KY;Kentuchy;3;Este
KY;Kentuchy;3;Este
KY;Kentuchy;3;Este
KY;Kentuchy;3;Este
KY;Kentuchy;3;Este
KY;Kentuchy;3;Este
KY;Kentuchy;3;Este
KY;Kentuchy;3;Este
KY;Kentuchy;3;Este
KY;Kentuchy;3;Este
KY;Kentuchy;3;Este
KY;Kentuchy;3;Este
KY;Kentuchy;3;Este
KY;Kentuchy;3;Este
KY;Kentuchy;3;Este
KY;Kentuchy;3;Este
KY;Kentuchy;3;Este
KY;Kentuchy;3;Este
KY;Kentuchy;3;Este
KY;Kentuchy;3;Este
KY;Kentuchy;3;Este
KY;Kentuchy;3;Este
KY;Kentuchy;3;Este
KY;Kentuchy;3;Este
KY;Kentuchy;3;Este
KY;Kentuchy;3;Este
KY;Kentuchy;3;Este
KY;Kentuchy;3;Este
KY;Kentuchy;3;Este
KY;Kentuchy;3;Este
KY;Kentuchy;3;Este
KY;Kentuchy;3;Este
KY;Kentuchy;3;Este
KY;Kentuchy;3;Este
KY;Kentuchy;3;Este
KY;Kentuchy;3;Este
KY;Kentuchy;3;Este
KY;Kentuchy;3;Este
KY;Kentuchy;3;Este
KY;Kentuchy;3;Este
KY;Kentuchy;3;Este
KY;Kentuchy;3;Este
KY;Kentuchy;3;Este
KY;Kentuchy;3;Este
KY;Kentuchy;3;Este
KY;Kentuchy;3;Este
KY;Kentuchy;3;Este
KY;Kentuchy;3;Este
KY;Kentuchy;3;Este
KY;Kentuchy;3;Este
KY;Kentuchy;3;Este
KY;Kentuchy;3;Este
KY;Kentuchy;3;Este
KY;Kentuchy;3;Este
KY;Kentuchy;3;Este
KY;Kentuchy;3;Este
KY;Kentuchy;3;Este
KY;Kentuchy;3;Este
KY;Kentuchy;3;Este
KY;Kentuchy;3;Este
KY;Kentuchy;3;Este
KY;Kentuchy;3;Este
KY;Kentuchy;3;Este
KY;Kentuchy;3;Este
KY;Kentuchy;3;Este
KY;Kentuchy;3;Este
KY;Kentuchy;3;Este
KY;Kentuchy;3;Este
KY;Kentuchy;3;Este
LA;Luisiana;3;Oeste
LA;Luisiana;3;Oeste
LA;Luisiana;3;Oeste
LA;Luisiana;3;Oeste
LA;Luisiana;3;Oeste
LA;Luisiana;3;Oeste
LA;Luisiana;3;Oeste
LA;Luisiana;3;Oeste
LA;Luisiana;3;Oeste
LA;Luisiana;3;Oeste
LA;Luisiana;3;Oeste
LA;Luisiana;3;Oeste
LA;Luisiana;3;Oeste
LA;Luisiana;3;Oeste
LA;Luisiana;3;Oeste
LA;Luisiana;3;Oeste
LA;Luisiana;3;Oeste
LA;Luisiana;3;Oeste
LA;Luisiana;3;Oeste
LA;Luisiana;3;Oeste
LA;Luisiana;3;Oeste
LA;Luisiana;3;Oeste
LA;Luisiana;3;Oeste
LA;Luisiana;3;Oeste
LA;Luisiana;3;Oeste
LA;Luisiana;3;Oeste
LA;Luisiana;3;Oeste
LA;Luisiana;3;Oeste
LA;Luisiana;3;Oeste
LA;Luisiana;3;Oeste
LA;Luisiana;3;Oeste
LA;Luisiana;3;Oeste
LA;Luisiana;3;Oeste
LA;Luisiana;3;Oeste
LA;Luisiana;3;Oeste
LA;Luisiana;3;Oeste
LA;Luisiana;3;Oeste
LA;Luisiana;3;Oeste
LA;Luisiana;3;Oeste
LA;Luisiana;3;Oeste
LA;Luisiana;3;Oeste
LA;Luisiana;3;Oeste
LA;Luisiana;3;Oeste
LA;Luisiana;3;Oeste
LA;Luisiana;3;Oeste
LA;Luisiana;3;Oeste
LA;Luisiana;3;Oeste
LA;Luisiana;3;Oeste
ME;Maine;1;Este
ME;Maine;1;Este
ME;Maine;1;Este
ME;Maine;1;Este
ME;Maine;1;Este
ME;Maine;1;Este
ME;Maine;1;Este
ME;Maine;1;Este
ME;Maine;1;Este
ME;Maine;1;Este
ME;Maine;1;Este
ME;Maine;1;Este
ME;Maine;1;Este
ME;Maine;1;Este
ME;Maine;1;Este
ME;Maine;1;Este
MD;Maryland;3;Este
MD;Maryland;3;Este
MD;Maryland;3;Este
MD;Maryland;3;Este
MD;Maryland;3;Este
MD;Maryland;3;Este
MD;Maryland;3;Este
MD;Maryland;3;Este
MD;Maryland;3;Este
MD;Maryland;3;Este
MD;Maryland;3;Este
MD;Maryland;3;Este
MD;Maryland;3;Este
MD;Maryland;3;Este
MD;Maryland;3;Este
MD;Maryland;3;Este
MD;Maryland;3;Este
MD;Maryland;3;Este
MD;Maryland;3;Este
MD;Maryland;3;Este
MD;Maryland;3;Este
MD;Maryland;3;Este
MD;Maryland;3;Este
MD;Maryland;3;Este
MA;Massachusetts;1;Este
MA;Massachusetts;1;Este
MA;Massachusetts;1;Este
MA;Massachusetts;1;Este
MA;Massachusetts;1;Este
MA;Massachusetts;1;Este
MA;Massachusetts;1;Este
MA;Massachusetts;1;Este
MA;Massachusetts;1;Este
MA;Massachusetts;1;Este
MA;Massachusetts;1;Este
MA;Massachusetts;1;Este
MA;Massachusetts;1;Este
MA;Massachusetts;1;Este
MI;Michigan;2;Este
MI;Michigan;2;Este
MI;Michigan;2;Este
MI;Michigan;2;Este
MI;Michigan;2;Este
MI;Michigan;2;Este
MI;Michigan;2;Este
MI;Michigan;2;Este
MI;Michigan;2;Este
MI;Michigan;2;Este
MI;Michigan;2;Este
MI;Michigan;2;Este
MI;Michigan;2;Este
MI;Michigan;2;Este
MI;Michigan;2;Este
MI;Michigan;2;Este
MI;Michigan;2;Este
MI;Michigan;2;Este
MI;Michigan;2;Este
MI;Michigan;2;Este
MI;Michigan;2;Este
MI;Michigan;2;Este
MI;Michigan;2;Este
MI;Michigan;2;Este
MI;Michigan;2;Este
MI;Michigan;2;Este
MI;Michigan;2;Este
MI;Michigan;2;Este
MI;Michigan;2;Este
MI;Michigan;2;Este
MI;Michigan;2;Este
MI;Michigan;2;Este
MI;Michigan;2;Este
MI;Michigan;2;Este
MI;Michigan;2;Este
MI;Michigan;2;Este
MI;Michigan;2;Este
MI;Michigan;2;Este
MI;Michigan;2;Este
MI;Michigan;2;Este
MI;Michigan;2;Este
MI;Michigan;2;Este
MI;Michigan;2;Este
MI;Michigan;2;Este
MI;Michigan;2;Este
MI;Michigan;2;Este
MI;Michigan;2;Este
MI;Michigan;2;Este
MI;Michigan;2;Este
MI;Michigan;2;Este
MI;Michigan;2;Este
MI;Michigan;2;Este
MI;Michigan;2;Este
MI;Michigan;2;Este
MI;Michigan;2;Este
MI;Michigan;2;Este
MI;Michigan;2;Este
MI;Michigan;2;Este
MI;Michigan;2;Este
MI;Michigan;2;Este
MI;Michigan;2;Este
MI;Michigan;2;Este
MI;Michigan;2;Este
MI;Michigan;2;Este
MI;Michigan;2;Este
MI;Michigan;2;Este
MI;Michigan;2;Este
MI;Michigan;2;Este
MI;Michigan;2;Este
MI;Michigan;2;Este
MI;Michigan;2;Este
MI;Michigan;2;Este
MI;Michigan;2;Este
MI;Michigan;2;Este
MI;Michigan;2;Este
MI;Michigan;2;Este
MI;Michigan;2;Este
MI;Michigan;2;Este
MI;Michigan;2;Este
MI;Michigan;2;Este
MI;Michigan;2;Este
MI;Michigan;2;Este
MN;Minnesota;2;Oeste
MN;Minnesota;2;Oeste
MN;Minnesota;2;Oeste
MN;Minnesota;2;Oeste
MN;Minnesota;2;Oeste
MN;Minnesota;2;Oeste
MN;Minnesota;2;Oeste
MN;Minnesota;2;Oeste
MN;Minnesota;2;Oeste
MN;Minnesota;2;Oeste
MN;Minnesota;2;Oeste
MN;Minnesota;2;Oeste
MN;Minnesota;2;Oeste
MN;Minnesota;2;Oeste
MN;Minnesota;2;Oeste
MN;Minnesota;2;Oeste
MN;Minnesota;2;Oeste
MN;Minnesota;2;Oeste
MN;Minnesota;2;Oeste
MN;Minnesota;2;Oeste
MN;Minnesota;2;Oeste
MN;Minnesota;2;Oeste
MN;Minnesota;2;Oeste
MN;Minnesota;2;Oeste
MN;Minnesota;2;Oeste
MN;Minnesota;2;Oeste
MN;Minnesota;2;Oeste
MN;Minnesota;2;Oeste
MN;Minnesota;2;Oeste
MN;Minnesota;2;Oeste
MN;Minnesota;2;Oeste
MN;Minnesota;2;Oeste
MN;Minnesota;2;Oeste
MN;Minnesota;2;Oeste
MN;Minnesota;2;Oeste
MN;Minnesota;2;Oeste
MN;Minnesota;2;Oeste
MN;Minnesota;2;Oeste
MN;Minnesota;2;Oeste
MN;Minnesota;2;Oeste
MN;Minnesota;2;Oeste
MN;Minnesota;2;Oeste
MN;Minnesota;2;Oeste
MN;Minnesota;2;Oeste
MN;Minnesota;2;Oeste
MN;Minnesota;2;Oeste
MN;Minnesota;2;Oeste
MN;Minnesota;2;Oeste
MN;Minnesota;2;Oeste
MN;Minnesota;2;Oeste
MN;Minnesota;2;Oeste
MN;Minnesota;2;Oeste
MN;Minnesota;2;Oeste
MN;Minnesota;2;Oeste
MN;Minnesota;2;Oeste
MN;Minnesota;2;Oeste
MN;Minnesota;2;Oeste
MN;Minnesota;2;Oeste
MN;Minnesota;2;Oeste
MN;Minnesota;2;Oeste
MN;Minnesota;2;Oeste
MN;Minnesota;2;Oeste
MN;Minnesota;2;Oeste
MN;Minnesota;2;Oeste
MN;Minnesota;2;Oeste
MN;Minnesota;2;Oeste
MN;Minnesota;2;Oeste
MN;Minnesota;2;Oeste
MN;Minnesota;2;Oeste
MN;Minnesota;2;Oeste
MN;Minnesota;2;Oeste
MN;Minnesota;2;Oeste
MN;Minnesota;2;Oeste
MN;Minnesota;2;Oeste
MN;Minnesota;2;Oeste
MN;Minnesota;2;Oeste
MN;Minnesota;2;Oeste
MN;Minnesota;2;Oeste
MN;Minnesota;2;Oeste
MN;Minnesota;2;Oeste
MN;Minnesota;2;Oeste
MN;Minnesota;2;Oeste
MN;Minnesota;2;Oeste
MN;Minnesota;2;Oeste
MN;Minnesota;2;Oeste
MN;Minnesota;2;Oeste
MS;Misisipi;3;Este
MS;Misisipi;3;Este
MS;Misisipi;3;Este
MS;Misisipi;3;Este
MS;Misisipi;3;Este
MS;Misisipi;3;Este
MS;Misisipi;3;Este
MS;Misisipi;3;Este
MS;Misisipi;3;Este
MS;Misisipi;3;Este
MS;Misisipi;3;Este
MS;Misisipi;3;Este
MS;Misisipi;3;Este
MS;Misisipi;3;Este
MS;Misisipi;3;Este
MS;Misisipi;3;Este
MS;Misisipi;3;Este
MS;Misisipi;3;Este
MS;Misisipi;3;Este
MS;Misisipi;3;Este
MS;Misisipi;3;Este
MS;Misisipi;3;Este
MS;Misisipi;3;Este
MS;Misisipi;3;Este
MS;Misisipi;3;Este
MS;Misisipi;3;Este
MS;Misisipi;3;Este
MS;Misisipi;3;Este
MS;Misisipi;3;Este
MS;Misisipi;3;Este
MS;Misisipi;3;Este
MS;Misisipi;3;Este
MS;Misisipi;3;Este
MS;Misisipi;3;Este
MS;Misisipi;3;Este
MS;Misisipi;3;Este
MS;Misisipi;3;Este
MS;Misisipi;3;Este
MS;Misisipi;3;Este
MS;Misisipi;3;Este
MS;Misisipi;3;Este
MS;Misisipi;3;Este
MS;Misisipi;3;Este
MS;Misisipi;3;Este
MS;Misisipi;3;Este
MS;Misisipi;3;Este
MS;Misisipi;3;Este
MS;Misisipi;3;Este
MS;Misisipi;3;Este
MS;Misisipi;3;Este
MS;Misisipi;3;Este
MS;Misisipi;3;Este
MS;Misisipi;3;Este
MS;Misisipi;3;Este
MO;Misuri;2;Oeste
MO;Misuri;2;Oeste
MO;Misuri;2;Oeste
MO;Misuri;2;Oeste
MO;Misuri;2;Oeste
MO;Misuri;2;Oeste
MO;Misuri;2;Oeste
MO;Misuri;2;Oeste
MO;Misuri;2;Oeste
MO;Misuri;2;Oeste
MO;Misuri;2;Oeste
MO;Misuri;2;Oeste
MO;Misuri;2;Oeste
MO;Misuri;2;Oeste
MO;Misuri;2;Oeste
MO;Misuri;2;Oeste
MO;Misuri;2;Oeste
MO;Misuri;2;Oeste
MO;Misuri;2;Oeste
MO;Misuri;2;Oeste
MO;Misuri;2;Oeste
MO;Misuri;2;Oeste
MO;Misuri;2;Oeste
MO;Misuri;2;Oeste
MO;Misuri;2;Oeste
MO;Misuri;2;Oeste
MO;Misuri;2;Oeste
MO;Misuri;2;Oeste
MO;Misuri;2;Oeste
MO;Misuri;2;Oeste
MO;Misuri;2;Oeste
MO;Misuri;2;Oeste
MO;Misuri;2;Oeste
MO;Misuri;2;Oeste
MO;Misuri;2;Oeste
MO;Misuri;2;Oeste
MO;Misuri;2;Oeste
MO;Misuri;2;Oeste
MO;Misuri;2;Oeste
MO;Misuri;2;Oeste
MO;Misuri;2;Oeste
MO;Misuri;2;Oeste
MO;Misuri;2;Oeste
MO;Misuri;2;Oeste
MO;Misuri;2;Oeste
MO;Misuri;2;Oeste
MO;Misuri;2;Oeste
MO;Misuri;2;Oeste
MO;Misuri;2;Oeste
MO;Misuri;2;Oeste
MO;Misuri;2;Oeste
MO;Misuri;2;Oeste
MO;Misuri;2;Oeste
MO;Misuri;2;Oeste
MO;Misuri;2;Oeste
MO;Misuri;2;Oeste
MO;Misuri;2;Oeste
MO;Misuri;2;Oeste
MO;Misuri;2;Oeste
MO;Misuri;2;Oeste
MO;Misuri;2;Oeste
MO;Misuri;2;Oeste
MO;Misuri;2;Oeste
MO;Misuri;2;Oeste
MO;Misuri;2;Oeste
MO;Misuri;2;Oeste
MO;Misuri;2;Oeste
MO;Misuri;2;Oeste
MO;Misuri;2;Oeste
MO;Misuri;2;Oeste
MO;Misuri;2;Oeste
MO;Misuri;2;Oeste
MO;Misuri;2;Oeste
MO;Misuri;2;Oeste
MO;Misuri;2;Oeste
MO;Misuri;2;Oeste
MO;Misuri;2;Oeste
MO;Misuri;2;Oeste
MO;Misuri;2;Oeste
MO;Misuri;2;Oeste
MO;Misuri;2;Oeste
MO;Misuri;2;Oeste
MO;Misuri;2;Oeste
MO;Misuri;2;Oeste
MO;Misuri;2;Oeste
MO;Misuri;2;Oeste
MO;Misuri;2;Oeste
MO;Misuri;2;Oeste
MO;Misuri;2;Oeste
MO;Misuri;2;Oeste
MO;Misuri;2;Oeste
MO;Misuri;2;Oeste
MO;Misuri;2;Oeste
MO;Misuri;2;Oeste
MO;Misuri;2;Oeste
MO;Misuri;2;Oeste
MO;Misuri;2;Oeste
MO;Misuri;2;Oeste
MO;Misuri;2;Oeste
MO;Misuri;2;Oeste
MT;Montana;4;Oeste
MT;Montana;4;Oeste
MT;Montana;4;Oeste
MT;Montana;4;Oeste
MT;Montana;4;Oeste
MT;Montana;4;Oeste
MT;Montana;4;Oeste
MT;Montana;4;Oeste
MT;Montana;4;Oeste
MT;Montana;4;Oeste
MT;Montana;4;Oeste
MT;Montana;4;Oeste
MT;Montana;4;Oeste
MT;Montana;4;Oeste
MT;Montana;4;Oeste
MT;Montana;4;Oeste
MT;Montana;4;Oeste
MT;Montana;4;Oeste
MT;Montana;4;Oeste
MT;Montana;4;Oeste
MT;Montana;4;Oeste
MT;Montana;4;Oeste
MT;Montana;4;Oeste
MT;Montana;4;Oeste
MT;Montana;4;Oeste
MT;Montana;4;Oeste
MT;Montana;4;Oeste
MT;Montana;4;Oeste
MT;Montana;4;Oeste
MT;Montana;4;Oeste
MT;Montana;4;Oeste
MT;Montana;4;Oeste
MT;Montana;4;Oeste
MT;Montana;4;Oeste
MT;Montana;4;Oeste
MT;Montana;4;Oeste
MT;Montana;4;Oeste
MT;Montana;4;Oeste
MT;Montana;4;Oeste
MT;Montana;4;Oeste
MT;Montana;4;Oeste
MT;Montana;4;Oeste
MT;Montana;4;Oeste
MT;Montana;4;Oeste
MT;Montana;4;Oeste
MT;Montana;4;Oeste
NE;Nebraska;2;Oeste
NE;Nebraska;2;Oeste
NE;Nebraska;2;Oeste
NE;Nebraska;2;Oeste
NE;Nebraska;2;Oeste
NE;Nebraska;2;Oeste
NE;Nebraska;2;Oeste
NE;Nebraska;2;Oeste
NE;Nebraska;2;Oeste
NE;Nebraska;2;Oeste
NE;Nebraska;2;Oeste
NE;Nebraska;2;Oeste
NE;Nebraska;2;Oeste
NE;Nebraska;2;Oeste
NE;Nebraska;2;Oeste
NE;Nebraska;2;Oeste
NE;Nebraska;2;Oeste
NE;Nebraska;2;Oeste
NE;Nebraska;2;Oeste
NE;Nebraska;2;Oeste
NE;Nebraska;2;Oeste
NE;Nebraska;2;Oeste
NE;Nebraska;2;Oeste
NE;Nebraska;2;Oeste
NE;Nebraska;2;Oeste
NE;Nebraska;2;Oeste
NE;Nebraska;2;Oeste
NE;Nebraska;2;Oeste
NE;Nebraska;2;Oeste
NE;Nebraska;2;Oeste
NE;Nebraska;2;Oeste
NE;Nebraska;2;Oeste
NE;Nebraska;2;Oeste
NE;Nebraska;2;Oeste
NE;Nebraska;2;Oeste
NE;Nebraska;2;Oeste
NE;Nebraska;2;Oeste
NE;Nebraska;2;Oeste
NE;Nebraska;2;Oeste
NE;Nebraska;2;Oeste
NE;Nebraska;2;Oeste
NE;Nebraska;2;Oeste
NE;Nebraska;2;Oeste
NE;Nebraska;2;Oeste
NE;Nebraska;2;Oeste
NE;Nebraska;2;Oeste
NE;Nebraska;2;Oeste
NE;Nebraska;2;Oeste
NE;Nebraska;2;Oeste
NE;Nebraska;2;Oeste
NE;Nebraska;2;Oeste
NE;Nebraska;2;Oeste
NE;Nebraska;2;Oeste
NE;Nebraska;2;Oeste
NE;Nebraska;2;Oeste
NE;Nebraska;2;Oeste
NE;Nebraska;2;Oeste
NE;Nebraska;2;Oeste
NE;Nebraska;2;Oeste
NE;Nebraska;2;Oeste
NE;Nebraska;2;Oeste
NE;Nebraska;2;Oeste
NE;Nebraska;2;Oeste
NE;Nebraska;2;Oeste
NE;Nebraska;2;Oeste
NE;Nebraska;2;Oeste
NE;Nebraska;2;Oeste
NE;Nebraska;2;Oeste
NE;Nebraska;2;Oeste
NE;Nebraska;2;Oeste
NE;Nebraska;2;Oeste
NE;Nebraska;2;Oeste
NE;Nebraska;2;Oeste
NE;Nebraska;2;Oeste
NE;Nebraska;2;Oeste
NE;Nebraska;2;Oeste
NE;Nebraska;2;Oeste
NE;Nebraska;2;Oeste
NV;Nevada;4;Oeste
NV;Nevada;4;Oeste
NV;Nevada;4;Oeste
NV;Nevada;4;Oeste
NV;Nevada;4;Oeste
NV;Nevada;4;Oeste
NV;Nevada;4;Oeste
NV;Nevada;4;Oeste
NV;Nevada;4;Oeste
NV;Nevada;4;Oeste
NH;Nuevo Hampshire;1;Este
NH;Nuevo Hampshire;1;Este
NH;Nuevo Hampshire;1;Este
NH;Nuevo Hampshire;1;Este
NH;Nuevo Hampshire;1;Este
NH;Nuevo Hampshire;1;Este
NH;Nuevo Hampshire;1;Este
NH;Nuevo Hampshire;1;Este
NH;Nuevo Hampshire;1;Este
NH;Nuevo Hampshire;1;Este
NJ;Nueva Jersey;1;Este
NJ;Nueva Jersey;1;Este
NJ;Nueva Jersey;1;Este
NJ;Nueva Jersey;1;Este
NJ;Nueva Jersey;1;Este
NJ;Nueva Jersey;1;Este
NJ;Nueva Jersey;1;Este
NJ;Nueva Jersey;1;Este
NJ;Nueva Jersey;1;Este
NJ;Nueva Jersey;1;Este
NJ;Nueva Jersey;1;Este
NJ;Nueva Jersey;1;Este
NJ;Nueva Jersey;1;Este
NJ;Nueva Jersey;1;Este
NJ;Nueva Jersey;1;Este
NJ;Nueva Jersey;1;Este
NJ;Nueva Jersey;1;Este
NJ;Nueva Jersey;1;Este
NJ;Nueva Jersey;1;Este
NJ;Nueva Jersey;1;Este
NJ;Nueva Jersey;1;Este
NM;Nuevo Mexico;4;Oeste
NM;Nuevo Mexico;4;Oeste
NM;Nuevo Mexico;4;Oeste
NM;Nuevo Mexico;4;Oeste
NM;Nuevo Mexico;4;Oeste
NM;Nuevo Mexico;4;Oeste
NM;Nuevo Mexico;4;Oeste
NM;Nuevo Mexico;4;Oeste
NM;Nuevo Mexico;4;Oeste
NM;Nuevo Mexico;4;Oeste
NM;Nuevo Mexico;4;Oeste
NM;Nuevo Mexico;4;Oeste
NM;Nuevo Mexico;4;Oeste
NM;Nuevo Mexico;4;Oeste
NM;Nuevo Mexico;4;Oeste
NM;Nuevo Mexico;4;Oeste
NM;Nuevo Mexico;4;Oeste
NM;Nuevo Mexico;4;Oeste
NM;Nuevo Mexico;4;Oeste
NM;Nuevo Mexico;4;Oeste
NM;Nuevo Mexico;4;Oeste
NM;Nuevo Mexico;4;Oeste
NY;Nueva York;1;Este
NY;Nueva York;1;Este
NY;Nueva York;1;Este
NY;Nueva York;1;Este
NY;Nueva York;1;Este
NY;Nueva York;1;Este
NY;Nueva York;1;Este
NY;Nueva York;1;Este
NY;Nueva York;1;Este
NY;Nueva York;1;Este
NY;Nueva York;1;Este
NY;Nueva York;1;Este
NY;Nueva York;1;Este
NY;Nueva York;1;Este
NY;Nueva York;1;Este
NY;Nueva York;1;Este
NY;Nueva York;1;Este
NY;Nueva York;1;Este
NY;Nueva York;1;Este
NY;Nueva York;1;Este
NY;Nueva York;1;Este
NY;Nueva York;1;Este
NY;Nueva York;1;Este
NY;Nueva York;1;Este
NY;Nueva York;1;Este
NY;Nueva York;1;Este
NY;Nueva York;1;Este
NY;Nueva York;1;Este
NY;Nueva York;1;Este
NY;Nueva York;1;Este
NY;Nueva York;1;Este
NY;Nueva York;1;Este
NY;Nueva York;1;Este
NY;Nueva York;1;Este
NY;Nueva York;1;Este
NY;Nueva York;1;Este
NY;Nueva York;1;Este
NY;Nueva York;1;Este
NY;Nueva York;1;Este
NY;Nueva York;1;Este
NY;Nueva York;1;Este
NY;Nueva York;1;Este
NY;Nueva York;1;Este
NY;Nueva York;1;Este
NY;Nueva York;1;Este
NY;Nueva York;1;Este
NY;Nueva York;1;Este
NY;Nueva York;1;Este
NY;Nueva York;1;Este
NY;Nueva York;1;Este
NY;Nueva York;1;Este
NY;Nueva York;1;Este
NY;Nueva York;1;Este
NY;Nueva York;1;Este
NY;Nueva York;1;Este
NY;Nueva York;1;Este
NY;Nueva York;1;Este
NC;Carolina del Norte;3;Este
NC;Carolina del Norte;3;Este
NC;Carolina del Norte;3;Este
NC;Carolina del Norte;3;Este
NC;Carolina del Norte;3;Este
NC;Carolina del Norte;3;Este
NC;Carolina del Norte;3;Este
NC;Carolina del Norte;3;Este
NC;Carolina del Norte;3;Este
NC;Carolina del Norte;3;Este
NC;Carolina del Norte;3;Este
NC;Carolina del Norte;3;Este
NC;Carolina del Norte;3;Este
NC;Carolina del Norte;3;Este
NC;Carolina del Norte;3;Este
NC;Carolina del Norte;3;Este
NC;Carolina del Norte;3;Este
NC;Carolina del Norte;3;Este
NC;Carolina del Norte;3;Este
NC;Carolina del Norte;3;Este
NC;Carolina del Norte;3;Este
NC;Carolina del Norte;3;Este
NC;Carolina del Norte;3;Este
NC;Carolina del Norte;3;Este
NC;Carolina del Norte;3;Este
NC;Carolina del Norte;3;Este
NC;Carolina del Norte;3;Este
NC;Carolina del Norte;3;Este
NC;Carolina del Norte;3;Este
NC;Carolina del Norte;3;Este
NC;Carolina del Norte;3;Este
NC;Carolina del Norte;3;Este
NC;Carolina del Norte;3;Este
NC;Carolina del Norte;3;Este
NC;Carolina del Norte;3;Este
NC;Carolina del Norte;3;Este
NC;Carolina del Norte;3;Este
NC;Carolina del Norte;3;Este
NC;Carolina del Norte;3;Este
NC;Carolina del Norte;3;Este
NC;Carolina del Norte;3;Este
NC;Carolina del Norte;3;Este
NC;Carolina del Norte;3;Este
NC;Carolina del Norte;3;Este
NC;Carolina del Norte;3;Este
NC;Carolina del Norte;3;Este
NC;Carolina del Norte;3;Este
NC;Carolina del Norte;3;Este
NC;Carolina del Norte;3;Este
NC;Carolina del Norte;3;Este
NC;Carolina del Norte;3;Este
NC;Carolina del Norte;3;Este
NC;Carolina del Norte;3;Este
NC;Carolina del Norte;3;Este
NC;Carolina del Norte;3;Este
NC;Carolina del Norte;3;Este
NC;Carolina del Norte;3;Este
NC;Carolina del Norte;3;Este
NC;Carolina del Norte;3;Este
NC;Carolina del Norte;3;Este
NC;Carolina del Norte;3;Este
NC;Carolina del Norte;3;Este
NC;Carolina del Norte;3;Este
NC;Carolina del Norte;3;Este
NC;Carolina del Norte;3;Este
NC;Carolina del Norte;3;Este
NC;Carolina del Norte;3;Este
NC;Carolina del Norte;3;Este
NC;Carolina del Norte;3;Este
NC;Carolina del Norte;3;Este
NC;Carolina del Norte;3;Este
NC;Carolina del Norte;3;Este
NC;Carolina del Norte;3;Este
NC;Carolina del Norte;3;Este
NC;Carolina del Norte;3;Este
NC;Carolina del Norte;3;Este
NC;Carolina del Norte;3;Este
NC;Carolina del Norte;3;Este
NC;Carolina del Norte;3;Este
NC;Carolina del Norte;3;Este
NC;Carolina del Norte;3;Este
NC;Carolina del Norte;3;Este
NC;Carolina del Norte;3;Este
NC;Carolina del Norte;3;Este
NC;Carolina del Norte;3;Este
NC;Carolina del Norte;3;Este
NC;Carolina del Norte;3;Este
NC;Carolina del Norte;3;Este
NC;Carolina del Norte;3;Este
NC;Carolina del Norte;3;Este
ND;Dakota del Norte;2;Oeste
ND;Dakota del Norte;2;Oeste
ND;Dakota del Norte;2;Oeste
ND;Dakota del Norte;2;Oeste
ND;Dakota del Norte;2;Oeste
ND;Dakota del Norte;2;Oeste
ND;Dakota del Norte;2;Oeste
ND;Dakota del Norte;2;Oeste
ND;Dakota del Norte;2;Oeste
ND;Dakota del Norte;2;Oeste
ND;Dakota del Norte;2;Oeste
ND;Dakota del Norte;2;Oeste
ND;Dakota del Norte;2;Oeste
ND;Dakota del Norte;2;Oeste
ND;Dakota del Norte;2;Oeste
ND;Dakota del Norte;2;Oeste
ND;Dakota del Norte;2;Oeste
ND;Dakota del Norte;2;Oeste
ND;Dakota del Norte;2;Oeste
ND;Dakota del Norte;2;Oeste
ND;Dakota del Norte;2;Oeste
ND;Dakota del Norte;2;Oeste
ND;Dakota del Norte;2;Oeste
ND;Dakota del Norte;2;Oeste
ND;Dakota del Norte;2;Oeste
ND;Dakota del Norte;2;Oeste
ND;Dakota del Norte;2;Oeste
ND;Dakota del Norte;2;Oeste
ND;Dakota del Norte;2;Oeste
ND;Dakota del Norte;2;Oeste
ND;Dakota del Norte;2;Oeste
ND;Dakota del Norte;2;Oeste
ND;Dakota del Norte;2;Oeste
ND;Dakota del Norte;2;Oeste
ND;Dakota del Norte;2;Oeste
ND;Dakota del Norte;2;Oeste
ND;Dakota del Norte;2;Oeste
ND;Dakota del Norte;2;Oeste
ND;Dakota del Norte;2;Oeste
ND;Dakota del Norte;2;Oeste
ND;Dakota del Norte;2;Oeste
ND;Dakota del Norte;2;Oeste
ND;Dakota del Norte;2;Oeste
OH;Ohio;2;Este
OH;Ohio;2;Este
OH;Ohio;2;Este
OH;Ohio;2;Este
OH;Ohio;2;Este
OH;Ohio;2;Este
OH;Ohio;2;Este
OH;Ohio;2;Este
OH;Ohio;2;Este
OH;Ohio;2;Este
OH;Ohio;2;Este
OH;Ohio;2;Este
OH;Ohio;2;Este
OH;Ohio;2;Este
OH;Ohio;2;Este
OH;Ohio;2;Este
OH;Ohio;2;Este
OH;Ohio;2;Este
OH;Ohio;2;Este
OH;Ohio;2;Este
OH;Ohio;2;Este
OH;Ohio;2;Este
OH;Ohio;2;Este
OH;Ohio;2;Este
OH;Ohio;2;Este
OH;Ohio;2;Este
OH;Ohio;2;Este
OH;Ohio;2;Este
OH;Ohio;2;Este
OH;Ohio;2;Este
OH;Ohio;2;Este
OH;Ohio;2;Este
OH;Ohio;2;Este
OH;Ohio;2;Este
OH;Ohio;2;Este
OH;Ohio;2;Este
OH;Ohio;2;Este
OH;Ohio;2;Este
OH;Ohio;2;Este
OH;Ohio;2;Este
OH;Ohio;2;Este
OH;Ohio;2;Este
OH;Ohio;2;Este
OH;Ohio;2;Este
OH;Ohio;2;Este
OH;Ohio;2;Este
OH;Ohio;2;Este
OH;Ohio;2;Este
OH;Ohio;2;Este
OH;Ohio;2;Este
OH;Ohio;2;Este
OH;Ohio;2;Este
OH;Ohio;2;Este
OH;Ohio;2;Este
OH;Ohio;2;Este
OH;Ohio;2;Este
OH;Ohio;2;Este
OH;Ohio;2;Este
OH;Ohio;2;Este
OH;Ohio;2;Este
OH;Ohio;2;Este
OH;Ohio;2;Este
OH;Ohio;2;Este
OH;Ohio;2;Este
OH;Ohio;2;Este
OH;Ohio;2;Este
OH;Ohio;2;Este
OH;Ohio;2;Este
OH;Ohio;2;Este
OH;Ohio;2;Este
OH;Ohio;2;Este
OH;Ohio;2;Este
OH;Ohio;2;Este
OH;Ohio;2;Este
OH;Ohio;2;Este
OH;Ohio;2;Este
OH;Ohio;2;Este
OK;Oklahoma;3;Oeste
OK;Oklahoma;3;Oeste
OK;Oklahoma;3;Oeste
OK;Oklahoma;3;Oeste
OK;Oklahoma;3;Oeste
OK;Oklahoma;3;Oeste
OK;Oklahoma;3;Oeste
OK;Oklahoma;3;Oeste
OK;Oklahoma;3;Oeste
OK;Oklahoma;3;Oeste
OK;Oklahoma;3;Oeste
OK;Oklahoma;3;Oeste
OK;Oklahoma;3;Oeste
OK;Oklahoma;3;Oeste
OK;Oklahoma;3;Oeste
OK;Oklahoma;3;Oeste
OK;Oklahoma;3;Oeste
OK;Oklahoma;3;Oeste
OK;Oklahoma;3;Oeste
OK;Oklahoma;3;Oeste
OK;Oklahoma;3;Oeste
OK;Oklahoma;3;Oeste
OK;Oklahoma;3;Oeste
OK;Oklahoma;3;Oeste
OK;Oklahoma;3;Oeste
OK;Oklahoma;3;Oeste
OK;Oklahoma;3;Oeste
OK;Oklahoma;3;Oeste
OK;Oklahoma;3;Oeste
OK;Oklahoma;3;Oeste
OK;Oklahoma;3;Oeste
OK;Oklahoma;3;Oeste
OK;Oklahoma;3;Oeste
OK;Oklahoma;3;Oeste
OK;Oklahoma;3;Oeste
OK;Oklahoma;3;Oeste
OK;Oklahoma;3;Oeste
OK;Oklahoma;3;Oeste
OK;Oklahoma;3;Oeste
OK;Oklahoma;3;Oeste
OK;Oklahoma;3;Oeste
OK;Oklahoma;3;Oeste
OK;Oklahoma;3;Oeste
OK;Oklahoma;3;Oeste
OK;Oklahoma;3;Oeste
OK;Oklahoma;3;Oeste
OK;Oklahoma;3;Oeste
OK;Oklahoma;3;Oeste
OK;Oklahoma;3;Oeste
OK;Oklahoma;3;Oeste
OK;Oklahoma;3;Oeste
OK;Oklahoma;3;Oeste
OK;Oklahoma;3;Oeste
OK;Oklahoma;3;Oeste
OK;Oklahoma;3;Oeste
OK;Oklahoma;3;Oeste
OK;Oklahoma;3;Oeste
OK;Oklahoma;3;Oeste
OK;Oklahoma;3;Oeste
OK;Oklahoma;3;Oeste
OK;Oklahoma;3;Oeste
OK;Oklahoma;3;Oeste
OK;Oklahoma;3;Oeste
OK;Oklahoma;3;Oeste
OK;Oklahoma;3;Oeste
OK;Oklahoma;3;Oeste
OK;Oklahoma;3;Oeste
OK;Oklahoma;3;Oeste
OK;Oklahoma;3;Oeste
OK;Oklahoma;3;Oeste
OK;Oklahoma;3;Oeste
OK;Oklahoma;3;Oeste
OK;Oklahoma;3;Oeste
OK;Oklahoma;3;Oeste
OK;Oklahoma;3;Oeste
OK;Oklahoma;3;Oeste
OR;Oregon;4;Oeste
OR;Oregon;4;Oeste
OR;Oregon;4;Oeste
OR;Oregon;4;Oeste
OR;Oregon;4;Oeste
OR;Oregon;4;Oeste
OR;Oregon;4;Oeste
OR;Oregon;4;Oeste
OR;Oregon;4;Oeste
OR;Oregon;4;Oeste
OR;Oregon;4;Oeste
OR;Oregon;4;Oeste
OR;Oregon;4;Oeste
OR;Oregon;4;Oeste
OR;Oregon;4;Oeste
OR;Oregon;4;Oeste
OR;Oregon;4;Oeste
OR;Oregon;4;Oeste
OR;Oregon;4;Oeste
OR;Oregon;4;Oeste
OR;Oregon;4;Oeste
OR;Oregon;4;Oeste
OR;Oregon;4;Oeste
OR;Oregon;4;Oeste
OR;Oregon;4;Oeste
OR;Oregon;4;Oeste
OR;Oregon;4;Oeste
OR;Oregon;4;Oeste
OR;Oregon;4;Oeste
OR;Oregon;4;Oeste
OR;Oregon;4;Oeste
OR;Oregon;4;Oeste
OR;Oregon;4;Oeste
PA;Pensilvania;1;Este
PA;Pensilvania;1;Este
PA;Pensilvania;1;Este
PA;Pensilvania;1;Este
PA;Pensilvania;1;Este
PA;Pensilvania;1;Este
PA;Pensilvania;1;Este
PA;Pensilvania;1;Este
PA;Pensilvania;1;Este
PA;Pensilvania;1;Este
PA;Pensilvania;1;Este
PA;Pensilvania;1;Este
PA;Pensilvania;1;Este
PA;Pensilvania;1;Este
PA;Pensilvania;1;Este
PA;Pensilvania;1;Este
PA;Pensilvania;1;Este
PA;Pensilvania;1;Este
PA;Pensilvania;1;Este
PA;Pensilvania;1;Este
PA;Pensilvania;1;Este
PA;Pensilvania;1;Este
PA;Pensilvania;1;Este
PA;Pensilvania;1;Este
PA;Pensilvania;1;Este
PA;Pensilvania;1;Este
PA;Pensilvania;1;Este
PA;Pensilvania;1;Este
PA;Pensilvania;1;Este
PA;Pensilvania;1;Este
PA;Pensilvania;1;Este
PA;Pensilvania;1;Este
PA;Pensilvania;1;Este
PA;Pensilvania;1;Este
PA;Pensilvania;1;Este
PA;Pensilvania;1;Este
PA;Pensilvania;1;Este
PA;Pensilvania;1;Este
PA;Pensilvania;1;Este
PA;Pensilvania;1;Este
PA;Pensilvania;1;Este
PA;Pensilvania;1;Este
PA;Pensilvania;1;Este
PA;Pensilvania;1;Este
PA;Pensilvania;1;Este
PA;Pensilvania;1;Este
PA;Pensilvania;1;Este
PA;Pensilvania;1;Este
PA;Pensilvania;1;Este
PA;Pensilvania;1;Este
PA;Pensilvania;1;Este
PA;Pensilvania;1;Este
PA;Pensilvania;1;Este
PA;Pensilvania;1;Este
PA;Pensilvania;1;Este
PA;Pensilvania;1;Este
PA;Pensilvania;1;Este
PA;Pensilvania;1;Este
PA;Pensilvania;1;Este
PA;Pensilvania;1;Este
PA;Pensilvania;1;Este
PA;Pensilvania;1;Este
PA;Pensilvania;1;Este
PA;Pensilvania;1;Este
PA;Pensilvania;1;Este
PA;Pensilvania;1;Este
PA;Pensilvania;1;Este
RI;Rhode Island;1;Este
RI;Rhode Island;1;Este
RI;Rhode Island;1;Este
RI;Rhode Island;1;Este
RI;Rhode Island;1;Este
SC;Carolina del Sur;3;Este
SC;Carolina del Sur;3;Este
SC;Carolina del Sur;3;Este
SC;Carolina del Sur;3;Este
SC;Carolina del Sur;3;Este
SC;Carolina del Sur;3;Este
SC;Carolina del Sur;3;Este
SC;Carolina del Sur;3;Este
SC;Carolina del Sur;3;Este
SC;Carolina del Sur;3;Este
SC;Carolina del Sur;3;Este
SC;Carolina del Sur;3;Este
SC;Carolina del Sur;3;Este
SC;Carolina del Sur;3;Este
SC;Carolina del Sur;3;Este
SC;Carolina del Sur;3;Este
SC;Carolina del Sur;3;Este
SC;Carolina del Sur;3;Este
SC;Carolina del Sur;3;Este
SC;Carolina del Sur;3;Este
SC;Carolina del Sur;3;Este
SC;Carolina del Sur;3;Este
SC;Carolina del Sur;3;Este
SC;Carolina del Sur;3;Este
SC;Carolina del Sur;3;Este
SC;Carolina del Sur;3;Este
SC;Carolina del Sur;3;Este
SC;Carolina del Sur;3;Este
SC;Carolina del Sur;3;Este
SC;Carolina del Sur;3;Este
SC;Carolina del Sur;3;Este
SC;Carolina del Sur;3;Este
SC;Carolina del Sur;3;Este
SC;Carolina del Sur;3;Este
SC;Carolina del Sur;3;Este
SC;Carolina del Sur;3;Este
SC;Carolina del Sur;3;Este
SC;Carolina del Sur;3;Este
SC;Carolina del Sur;3;Este
SC;Carolina del Sur;3;Este
SC;Carolina del Sur;3;Este
SC;Carolina del Sur;3;Este
SC;Carolina del Sur;3;Este
SD;Dakota del Sur;2;Oeste
SD;Dakota del Sur;2;Oeste
SD;Dakota del Sur;2;Oeste
SD;Dakota del Sur;2;Oeste
SD;Dakota del Sur;2;Oeste
SD;Dakota del Sur;2;Oeste
SD;Dakota del Sur;2;Oeste
SD;Dakota del Sur;2;Oeste
SD;Dakota del Sur;2;Oeste
SD;Dakota del Sur;2;Oeste
SD;Dakota del Sur;2;Oeste
SD;Dakota del Sur;2;Oeste
SD;Dakota del Sur;2;Oeste
SD;Dakota del Sur;2;Oeste
SD;Dakota del Sur;2;Oeste
SD;Dakota del Sur;2;Oeste
SD;Dakota del Sur;2;Oeste
SD;Dakota del Sur;2;Oeste
SD;Dakota del Sur;2;Oeste
SD;Dakota del Sur;2;Oeste
SD;Dakota del Sur;2;Oeste
SD;Dakota del Sur;2;Oeste
SD;Dakota del Sur;2;Oeste
SD;Dakota del Sur;2;Oeste
SD;Dakota del Sur;2;Oeste
SD;Dakota del Sur;2;Oeste
SD;Dakota del Sur;2;Oeste
SD;Dakota del Sur;2;Oeste
SD;Dakota del Sur;2;Oeste
SD;Dakota del Sur;2;Oeste
SD;Dakota del Sur;2;Oeste
SD;Dakota del Sur;2;Oeste
SD;Dakota del Sur;2;Oeste
SD;Dakota del Sur;2;Oeste
SD;Dakota del Sur;2;Oeste
SD;Dakota del Sur;2;Oeste
SD;Dakota del Sur;2;Oeste
SD;Dakota del Sur;2;Oeste
SD;Dakota del Sur;2;Oeste
SD;Dakota del Sur;2;Oeste
SD;Dakota del Sur;2;Oeste
SD;Dakota del Sur;2;Oeste
SD;Dakota del Sur;2;Oeste
SD;Dakota del Sur;2;Oeste
SD;Dakota del Sur;2;Oeste
SD;Dakota del Sur;2;Oeste
SD;Dakota del Sur;2;Oeste
TN;Tenneesse;3;Este
TN;Tenneesse;3;Este
TN;Tenneesse;3;Este
TN;Tenneesse;3;Este
TN;Tenneesse;3;Este
TN;Tenneesse;3;Este
TN;Tenneesse;3;Este
TN;Tenneesse;3;Este
TN;Tenneesse;3;Este
TN;Tenneesse;3;Este
TN;Tenneesse;3;Este
TN;Tenneesse;3;Este
TN;Tenneesse;3;Este
TN;Tenneesse;3;Este
TN;Tenneesse;3;Este
TN;Tenneesse;3;Este
TN;Tenneesse;3;Este
TN;Tenneesse;3;Este
TN;Tenneesse;3;Este
TN;Tenneesse;3;Este
TN;Tenneesse;3;Este
TN;Tenneesse;3;Este
TN;Tenneesse;3;Este
TN;Tenneesse;3;Este
TN;Tenneesse;3;Este
TN;Tenneesse;3;Este
TN;Tenneesse;3;Este
TN;Tenneesse;3;Este
TN;Tenneesse;3;Este
TN;Tenneesse;3;Este
TN;Tenneesse;3;Este
TN;Tenneesse;3;Este
TN;Tenneesse;3;Este
TN;Tenneesse;3;Este
TN;Tenneesse;3;Este
TN;Tenneesse;3;Este
TN;Tenneesse;3;Este
TN;Tenneesse;3;Este
TN;Tenneesse;3;Este
TN;Tenneesse;3;Este
TN;Tenneesse;3;Este
TN;Tenneesse;3;Este
TN;Tenneesse;3;Este
TN;Tenneesse;3;Este
TN;Tenneesse;3;Este
TN;Tenneesse;3;Este
TN;Tenneesse;3;Este
TN;Tenneesse;3;Este
TN;Tenneesse;3;Este
TN;Tenneesse;3;Este
TN;Tenneesse;3;Este
TN;Tenneesse;3;Este
TN;Tenneesse;3;Este
TN;Tenneesse;3;Este
TN;Tenneesse;3;Este
TN;Tenneesse;3;Este
TN;Tenneesse;3;Este
TN;Tenneesse;3;Este
TN;Tenneesse;3;Este
TN;Tenneesse;3;Este
TN;Tenneesse;3;Este
TN;Tenneesse;3;Este
TN;Tenneesse;3;Este
TN;Tenneesse;3;Este
TN;Tenneesse;3;Este
TN;Tenneesse;3;Este
TN;Tenneesse;3;Este
TN;Tenneesse;3;Este
TN;Tenneesse;3;Este
TN;Tenneesse;3;Este
TN;Tenneesse;3;Este
TN;Tenneesse;3;Este
TN;Tenneesse;3;Este
TN;Tenneesse;3;Este
TN;Tenneesse;3;Este
TN;Tenneesse;3;Este
TN;Tenneesse;3;Este
TX;Texas;3;Oeste
TX;Texas;3;Oeste
TX;Texas;3;Oeste
TX;Texas;3;Oeste
TX;Texas;3;Oeste
TX;Texas;3;Oeste
TX;Texas;3;Oeste
TX;Texas;3;Oeste
TX;Texas;3;Oeste
TX;Texas;3;Oeste
TX;Texas;3;Oeste
TX;Texas;3;Oeste
TX;Texas;3;Oeste
TX;Texas;3;Oeste
TX;Texas;3;Oeste
TX;Texas;3;Oeste
TX;Texas;3;Oeste
TX;Texas;3;Oeste
TX;Texas;3;Oeste
TX;Texas;3;Oeste
TX;Texas;3;Oeste
TX;Texas;3;Oeste
TX;Texas;3;Oeste
TX;Texas;3;Oeste
TX;Texas;3;Oeste
TX;Texas;3;Oeste
TX;Texas;3;Oeste
TX;Texas;3;Oeste
TX;Texas;3;Oeste
TX;Texas;3;Oeste
TX;Texas;3;Oeste
TX;Texas;3;Oeste
TX;Texas;3;Oeste
TX;Texas;3;Oeste
TX;Texas;3;Oeste
TX;Texas;3;Oeste
TX;Texas;3;Oeste
TX;Texas;3;Oeste
TX;Texas;3;Oeste
TX;Texas;3;Oeste
TX;Texas;3;Oeste
TX;Texas;3;Oeste
TX;Texas;3;Oeste
TX;Texas;3;Oeste
TX;Texas;3;Oeste
TX;Texas;3;Oeste
TX;Texas;3;Oeste
TX;Texas;3;Oeste
TX;Texas;3;Oeste
TX;Texas;3;Oeste
TX;Texas;3;Oeste
TX;Texas;3;Oeste
TX;Texas;3;Oeste
TX;Texas;3;Oeste
TX;Texas;3;Oeste
TX;Texas;3;Oeste
TX;Texas;3;Oeste
TX;Texas;3;Oeste
TX;Texas;3;Oeste
TX;Texas;3;Oeste
TX;Texas;3;Oeste
TX;Texas;3;Oeste
TX;Texas;3;Oeste
TX;Texas;3;Oeste
TX;Texas;3;Oeste
TX;Texas;3;Oeste
TX;Texas;3;Oeste
TX;Texas;3;Oeste
TX;Texas;3;Oeste
TX;Texas;3;Oeste
TX;Texas;3;Oeste
TX;Texas;3;Oeste
TX;Texas;3;Oeste
TX;Texas;3;Oeste
TX;Texas;3;Oeste
TX;Texas;3;Oeste
TX;Texas;3;Oeste
TX;Texas;3;Oeste
TX;Texas;3;Oeste
TX;Texas;3;Oeste
TX;Texas;3;Oeste
TX;Texas;3;Oeste
TX;Texas;3;Oeste
TX;Texas;3;Oeste
TX;Texas;3;Oeste
TX;Texas;3;Oeste
TX;Texas;3;Oeste
TX;Texas;3;Oeste
TX;Texas;3;Oeste
TX;Texas;3;Oeste
TX;Texas;3;Oeste
TX;Texas;3;Oeste
TX;Texas;3;Oeste
TX;Texas;3;Oeste
TX;Texas;3;Oeste
TX;Texas;3;Oeste
TX;Texas;3;Oeste
TX;Texas;3;Oeste
TX;Texas;3;Oeste
TX;Texas;3;Oeste
TX;Texas;3;Oeste
TX;Texas;3;Oeste
TX;Texas;3;Oeste
TX;Texas;3;Oeste
TX;Texas;3;Oeste
TX;Texas;3;Oeste
TX;Texas;3;Oeste
TX;Texas;3;Oeste
TX;Texas;3;Oeste
TX;Texas;3;Oeste
TX;Texas;3;Oeste
TX;Texas;3;Oeste
TX;Texas;3;Oeste
TX;Texas;3;Oeste
TX;Texas;3;Oeste
TX;Texas;3;Oeste
TX;Texas;3;Oeste
TX;Texas;3;Oeste
TX;Texas;3;Oeste
TX;Texas;3;Oeste
TX;Texas;3;Oeste
TX;Texas;3;Oeste
TX;Texas;3;Oeste
TX;Texas;3;Oeste
TX;Texas;3;Oeste
TX;Texas;3;Oeste
TX;Texas;3;Oeste
TX;Texas;3;Oeste
TX;Texas;3;Oeste
TX;Texas;3;Oeste
TX;Texas;3;Oeste
TX;Texas;3;Oeste
TX;Texas;3;Oeste
TX;Texas;3;Oeste
TX;Texas;3;Oeste
TX;Texas;3;Oeste
TX;Texas;3;Oeste
TX;Texas;3;Oeste
TX;Texas;3;Oeste
TX;Texas;3;Oeste
TX;Texas;3;Oeste
TX;Texas;3;Oeste
TX;Texas;3;Oeste
TX;Texas;3;Oeste
TX;Texas;3;Oeste
TX;Texas;3;Oeste
TX;Texas;3;Oeste
TX;Texas;3;Oeste
TX;Texas;3;Oeste
TX;Texas;3;Oeste
TX;Texas;3;Oeste
TX;Texas;3;Oeste
TX;Texas;3;Oeste
TX;Texas;3;Oeste
TX;Texas;3;Oeste
TX;Texas;3;Oeste
TX;Texas;3;Oeste
TX;Texas;3;Oeste
TX;Texas;3;Oeste
TX;Texas;3;Oeste
TX;Texas;3;Oeste
TX;Texas;3;Oeste
TX;Texas;3;Oeste
TX;Texas;3;Oeste
TX;Texas;3;Oeste
TX;Texas;3;Oeste
TX;Texas;3;Oeste
TX;Texas;3;Oeste
TX;Texas;3;Oeste
TX;Texas;3;Oeste
TX;Texas;3;Oeste
TX;Texas;3;Oeste
TX;Texas;3;Oeste
TX;Texas;3;Oeste
TX;Texas;3;Oeste
TX;Texas;3;Oeste
TX;Texas;3;Oeste
TX;Texas;3;Oeste
TX;Texas;3;Oeste
TX;Texas;3;Oeste
TX;Texas;3;Oeste
TX;Texas;3;Oeste
TX;Texas;3;Oeste
TX;Texas;3;Oeste
TX;Texas;3;Oeste
TX;Texas;3;Oeste
TX;Texas;3;Oeste
TX;Texas;3;Oeste
TX;Texas;3;Oeste
TX;Texas;3;Oeste
TX;Texas;3;Oeste
TX;Texas;3;Oeste
TX;Texas;3;Oeste
TX;Texas;3;Oeste
TX;Texas;3;Oeste
TX;Texas;3;Oeste
TX;Texas;3;Oeste
TX;Texas;3;Oeste
TX;Texas;3;Oeste
TX;Texas;3;Oeste
TX;Texas;3;Oeste
TX;Texas;3;Oeste
TX;Texas;3;Oeste
TX;Texas;3;Oeste
TX;Texas;3;Oeste
TX;Texas;3;Oeste
TX;Texas;3;Oeste
TX;Texas;3;Oeste
TX;Texas;3;Oeste
TX;Texas;3;Oeste
TX;Texas;3;Oeste
TX;Texas;3;Oeste
TX;Texas;3;Oeste
TX;Texas;3;Oeste
TX;Texas;3;Oeste
TX;Texas;3;Oeste
TX;Texas;3;Oeste
TX;Texas;3;Oeste
TX;Texas;3;Oeste
TX;Texas;3;Oeste
TX;Texas;3;Oeste
TX;Texas;3;Oeste
TX;Texas;3;Oeste
UT;Utah;4;Oeste
UT;Utah;4;Oeste
UT;Utah;4;Oeste
UT;Utah;4;Oeste
UT;Utah;4;Oeste
UT;Utah;4;Oeste
UT;Utah;4;Oeste
UT;Utah;4;Oeste
UT;Utah;4;Oeste
UT;Utah;4;Oeste
UT;Utah;4;Oeste
UT;Utah;4;Oeste
UT;Utah;4;Oeste
UT;Utah;4;Oeste
UT;Utah;4;Oeste
UT;Utah;4;Oeste
UT;Utah;4;Oeste
UT;Utah;4;Oeste
UT;Utah;4;Oeste
UT;Utah;4;Oeste
VT;Vermont;1;Este
VT;Vermont;1;Este
VT;Vermont;1;Este
VT;Vermont;1;Este
VT;Vermont;1;Este
VT;Vermont;1;Este
VT;Vermont;1;Este
VT;Vermont;1;Este
VT;Vermont;1;Este
VT;Vermont;1;Este
VT;Vermont;1;Este
VA;Virginia;3;Este
VA;Virginia;3;Este
VA;Virginia;3;Este
VA;Virginia;3;Este
VA;Virginia;3;Este
VA;Virginia;3;Este
VA;Virginia;3;Este
VA;Virginia;3;Este
VA;Virginia;3;Este
VA;Virginia;3;Este
VA;Virginia;3;Este
VA;Virginia;3;Este
VA;Virginia;3;Este
VA;Virginia;3;Este
VA;Virginia;3;Este
VA;Virginia;3;Este
VA;Virginia;3;Este
VA;Virginia;3;Este
VA;Virginia;3;Este
VA;Virginia;3;Este
VA;Virginia;3;Este
VA;Virginia;3;Este
VA;Virginia;3;Este
VA;Virginia;3;Este
VA;Virginia;3;Este
VA;Virginia;3;Este
VA;Virginia;3;Este
VA;Virginia;3;Este
VA;Virginia;3;Este
VA;Virginia;3;Este
VA;Virginia;3;Este
VA;Virginia;3;Este
VA;Virginia;3;Este
VA;Virginia;3;Este
VA;Virginia;3;Este
VA;Virginia;3;Este
VA;Virginia;3;Este
VA;Virginia;3;Este
VA;Virginia;3;Este
VA;Virginia;3;Este
VA;Virginia;3;Este
VA;Virginia;3;Este
VA;Virginia;3;Este
VA;Virginia;3;Este
VA;Virginia;3;Este
VA;Virginia;3;Este
VA;Virginia;3;Este
VA;Virginia;3;Este
VA;Virginia;3;Este
VA;Virginia;3;Este
VA;Virginia;3;Este
VA;Virginia;3;Este
VA;Virginia;3;Este
VA;Virginia;3;Este
VA;Virginia;3;Este
VA;Virginia;3;Este
VA;Virginia;3;Este
VA;Virginia;3;Este
VA;Virginia;3;Este
VA;Virginia;3;Este
VA;Virginia;3;Este
VA;Virginia;3;Este
VA;Virginia;3;Este
VA;Virginia;3;Este
VA;Virginia;3;Este
VA;Virginia;3;Este
VA;Virginia;3;Este
VA;Virginia;3;Este
VA;Virginia;3;Este
VA;Virginia;3;Este
VA;Virginia;3;Este
VA;Virginia;3;Este
VA;Virginia;3;Este
VA;Virginia;3;Este
VA;Virginia;3;Este
VA;Virginia;3;Este
WA;Washington;4;Oeste
WA;Washington;4;Oeste
WA;Washington;4;Oeste
WA;Washington;4;Oeste
WA;Washington;4;Oeste
WA;Washington;4;Oeste
WA;Washington;4;Oeste
WA;Washington;4;Oeste
WA;Washington;4;Oeste
WA;Washington;4;Oeste
WA;Washington;4;Oeste
WA;Washington;4;Oeste
WA;Washington;4;Oeste
WA;Washington;4;Oeste
WA;Washington;4;Oeste
WA;Washington;4;Oeste
WA;Washington;4;Oeste
WA;Washington;4;Oeste
WA;Washington;4;Oeste
WA;Washington;4;Oeste
WA;Washington;4;Oeste
WA;Washington;4;Oeste
WA;Washington;4;Oeste
WA;Washington;4;Oeste
WA;Washington;4;Oeste
WA;Washington;4;Oeste
WA;Washington;4;Oeste
WA;Washington;4;Oeste
WA;Washington;4;Oeste
WA;Washington;4;Oeste
WA;Washington;4;Oeste
WA;Washington;4;Oeste
WA;Washington;4;Oeste
WA;Washington;4;Oeste
WA;Washington;4;Oeste
WA;Washington;4;Oeste
WA;Washington;4;Oeste
WA;Washington;4;Oeste
WA;Washington;4;Oeste
WV;Virginia Occidental;3;Este
WV;Virginia Occidental;3;Este
WV;Virginia Occidental;3;Este
WV;Virginia Occidental;3;Este
WV;Virginia Occidental;3;Este
WV;Virginia Occidental;3;Este
WV;Virginia Occidental;3;Este
WV;Virginia Occidental;3;Este
WV;Virginia Occidental;3;Este
WV;Virginia Occidental;3;Este
WV;Virginia Occidental;3;Este
WV;Virginia Occidental;3;Este
WV;Virginia Occidental;3;Este
WV;Virginia Occidental;3;Este
WV;Virginia Occidental;3;Este
WV;Virginia Occidental;3;Este
WV;Virginia Occidental;3;Este
WV;Virginia Occidental;3;Este
WV;Virginia Occidental;3;Este
WV;Virginia Occidental;3;Este
WV;Virginia Occidental;3;Este
WV;Virginia Occidental;3;Este
WV;Virginia Occidental;3;Este
WV;Virginia Occidental;3;Este
WV;Virginia Occidental;3;Este
WV;Virginia Occidental;3;Este
WV;Virginia Occidental;3;Este
WV;Virginia Occidental;3;Este
WV;Virginia Occidental;3;Este
WV;Virginia Occidental;3;Este
WV;Virginia Occidental;3;Este
WV;Virginia Occidental;3;Este
WV;Virginia Occidental;3;Este
WV;Virginia Occidental;3;Este
WV;Virginia Occidental;3;Este
WV;Virginia Occidental;3;Este
WV;Virginia Occidental;3;Este
WV;Virginia Occidental;3;Este
WV;Virginia Occidental;3;Este
WV;Virginia Occidental;3;Este
WV;Virginia Occidental;3;Este
WV;Virginia Occidental;3;Este
WV;Virginia Occidental;3;Este
WV;Virginia Occidental;3;Este
WV;Virginia Occidental;3;Este
WV;Virginia Occidental;3;Este
WV;Virginia Occidental;3;Este
WV;Virginia Occidental;3;Este
WV;Virginia Occidental;3;Este
WI;Wisconsin;2;Este
WI;Wisconsin;2;Este
WI;Wisconsin;2;Este
WI;Wisconsin;2;Este
WI;Wisconsin;2;Este
WI;Wisconsin;2;Este
WI;Wisconsin;2;Este
WI;Wisconsin;2;Este
WI;Wisconsin;2;Este
WI;Wisconsin;2;Este
WI;Wisconsin;2;Este
WI;Wisconsin;2;Este
WI;Wisconsin;2;Este
WI;Wisconsin;2;Este
WI;Wisconsin;2;Este
WI;Wisconsin;2;Este
WI;Wisconsin;2;Este
WI;Wisconsin;2;Este
WI;Wisconsin;2;Este
WI;Wisconsin;2;Este
WI;Wisconsin;2;Este
WI;Wisconsin;2;Este
WI;Wisconsin;2;Este
WI;Wisconsin;2;Este
WI;Wisconsin;2;Este
WI;Wisconsin;2;Este
WI;Wisconsin;2;Este
WI;Wisconsin;2;Este
WI;Wisconsin;2;Este
WI;Wisconsin;2;Este
WI;Wisconsin;2;Este
WI;Wisconsin;2;Este
WI;Wisconsin;2;Este
WI;Wisconsin;2;Este
WI;Wisconsin;2;Este
WI;Wisconsin;2;Este
WI;Wisconsin;2;Este
WI;Wisconsin;2;Este
WI;Wisconsin;2;Este
WI;Wisconsin;2;Este
WI;Wisconsin;2;Este
WI;Wisconsin;2;Este
WI;Wisconsin;2;Este
WI;Wisconsin;2;Este
WI;Wisconsin;2;Este
WI;Wisconsin;2;Este
WI;Wisconsin;2;Este
WI;Wisconsin;2;Este
WI;Wisconsin;2;Este
WI;Wisconsin;2;Este
WI;Wisconsin;2;Este
WI;Wisconsin;2;Este
WI;Wisconsin;2;Este
WI;Wisconsin;2;Este
WI;Wisconsin;2;Este
WI;Wisconsin;2;Este
WI;Wisconsin;2;Este
WI;Wisconsin;2;Este
WI;Wisconsin;2;Este
WI;Wisconsin;2;Este
WI;Wisconsin;2;Este
WI;Wisconsin;2;Este
WI;Wisconsin;2;Este
WI;Wisconsin;2;Este
WI;Wisconsin;2;Este
WI;Wisconsin;2;Este
WI;Wisconsin;2;Este
WI;Wisconsin;2;Este
WI;Wisconsin;2;Este
WI;Wisconsin;2;Este
WI;Wisconsin;2;Este
WY;Wyoming;4;Oeste
WY;Wyoming;4;Oeste
WY;Wyoming;4;Oeste
WY;Wyoming;4;Oeste
WY;Wyoming;4;Oeste
WY;Wyoming;4;Oeste
WY;Wyoming;4;Oeste
WY;Wyoming;4;Oeste
WY;Wyoming;4;Oeste
WY;Wyoming;4;Oeste
WY;Wyoming;4;Oeste
WY;Wyoming;4;Oeste
WY;Wyoming;4;Oeste
WY;Wyoming;4;Oeste
WY;Wyoming;4;Oeste
WY;Wyoming;4;Oeste
WY;Wyoming;4;Oeste
WY;Wyoming;4;Oeste
WY;Wyoming;4;Oeste
WY;Wyoming;4;Oeste
